name,skills,interest_area
Orlando H.,"['Excel Macros', 'Excel Recursos VB', 'Excel VBA', 'Microsoft Access', 'Python', 'SQL']","['Desenvolvimento Web', 'Comercial', 'Teste de Software', 'Outra - Web, Mobile & Software', 'Análise de Dados & Estatística']"
Julio M.,"['Business Intelligence', 'PL/SQL', 'Aprendizado de Máquina (ML)', 'Ciência de Dados', 'Python', 'Análise de Dados', 'Análise Estatística']","['Banco de Dados', 'Cloud Computing', 'Análise de Dados & Estatística']"
Carlos E.,"['Aprendizado de Máquina (ML)', 'MySQL', 'Python']","['Banco de Dados', 'Desenvolvimento de Games', 'Cloud Computing', 'Desenvolvimento Desktop', 'Teste de Software']"
Lucas P.,"['ABBYY FineReader', 'Framework JavaScript', 'HTML5', 'Linux', 'Python', 'SQL']","['Banco de Dados', 'Desenvolvimento de Games', 'Desenvolvimento Web', 'Desenvolvimento Desktop', 'Outra - Web, Mobile & Software']"
Jéssica,"['Android', 'CSS', 'Design de Website', 'HTML', 'HTML5', 'Java', 'Javascript', 'MySQL', 'eCommerce', 'Wordpress']","['UX/UI & Web Design', 'Desenvolvimento Mobile', 'Desenvolvimento Web', 'Desenvolvimento Desktop', 'Outra - Web, Mobile & Software']"
Renato M.,"['Análise de Métricas', 'Banco De Dados', 'Entrada de Dados', 'Estatísticas', 'Business Intelligence', 'Pesquisa Científica', 'Pesquisa de Campo', 'Pesquisa de Marketing', 'Pesquisa de Mercado']","['Banco de Dados', 'Pesquisa de Mercado', 'Outra - Design & Criação', 'Planilhas e Relatórios', 'Entrada de Dados', 'Outra - Suporte Administrativo', 'Análise de Dados & Estatística', 'Outra - Administração & Contabilidade', 'Pesquisa Online', 'Negócios & Finanças', 'Tecnologia da Informação', 'Outra - Educação & Consultoria']"
Ana A.,"['Análise de Dados', 'CRM', 'E-mail Marketing', 'eCommerce', 'Estratégia de Marketing', 'Metodologias ágeis', 'Pautas', 'Redação Comercial', 'Redação SEO', 'SEO', 'Apresentação', 'Jornalismo De Moda', 'Moda', 'Planejamento de Comunicação', 'Planejamento de Marketing', 'Redação', 'Redação de Blogs', 'Redação de Conteúdo', 'Social Media', 'Adobe Photoshop', 'Brainstorming', 'Catálogo de Produtos Facebook', 'Comunicação Digital', 'Comunicação Visual', 'Estratégia de Conteúdo', 'Facebook', 'Google Analytics', 'Instagram', 'Redes Sociais', 'Web Analytics']","['Design Gráfico', 'SEO - Search Engine Optimization', 'Redação', 'Edição & Revisão', 'Atendimento ao Consumidor', 'Marketing Digital', 'Gestão de Mídias Sociais', 'Pesquisa de Mercado', 'Outra - Design & Criação', 'Análise de Dados & Estatística', 'Gestão de Projetos', 'Outra - Atendimento ao Consumidor', 'Copywriting', 'Currículo & Carta de Apresentação', 'Pesquisa Online', 'Transcrição', 'Assessoria de Imprensa', 'Design & Criação', 'Escrita & Conteúdo', 'Vendas & Marketing']"
Felipe W.,"['Banco de Dados Oracle', 'ETL', 'Microsoft Office', 'Pentaho', 'Power BI\xa0', 'SQL', 'Google Data Studio', 'PL/SQL', 'Python', 'SQL Server']","['UX/UI & Web Design', 'Banco de Dados', 'Outra - Web, Mobile & Software']"
Junior L.,"['Android', 'Arduino', 'ABBYY FineReader', 'Django', 'Javascript', 'ABAP', 'Python']","['Banco de Dados', 'Desenvolvimento Mobile', 'Inglês', 'Desenvolvimento Web', 'Desenvolvimento Desktop']"
Marianna P.,"['Artigos Acadêmicos', 'Artigos de Turismo', 'Artigos Esportivos', 'Artigos Médicos', 'Boa Escrita', 'Business Intelligence', 'ABBYY FineReader', 'Salesforce', 'Tradução', 'Transcrição']","['SEO - Search Engine Optimization', 'Inglês', 'Comercial', 'Outra - Vendas & Marketing', 'Outra - Tradução']"
Pablo D.,"['Excel', 'Comunicação Corporativa', 'Finanças', 'Follow-up', 'Boa Escrita', 'Matemática', 'Mercado Financeiro', 'Contratos', 'Administração', 'Atendimento ao Cliente', 'Comercial', 'Consultoria', 'Gestão e Análise de Contas a Pagar', 'Gestão e Análise de Contas a Receber', 'Gestão De Pessoas', 'Microsoft Office', 'Planejamento', 'Agilidade', 'AS3', 'Banco De Dados', 'Comprometimento', 'Comunicação Externa', 'Criatividade', 'Digitação', 'Edição de Textos', 'Liderança', 'Linux', 'Assistente Virtual', 'ABBYY FineReader', 'Business Intelligence']","['Atendimento ao Consumidor', 'Comercial', 'Apresentação', 'Assistente Virtual', 'Planilhas e Relatórios', 'Entrada de Dados', 'Outra - Suporte Administrativo', 'Análise de Dados & Estatística', 'Contabilidade', 'Gestão de Projetos', 'Financeiro', 'Recursos Humanos', 'Outra - Administração & Contabilidade', 'Suporte Técnico', 'Outra - Atendimento ao Consumidor', 'Pesquisa Online', 'Consultoria Pessoal', 'Negócios & Finanças', 'Tecnologia da Informação', 'Outra - Educação & Consultoria']"
Ábia M.,"['Estatísticas', 'Excel', 'Matemática', 'ABBYY FineReader', 'Pesquisa Científica']","['Banco de Dados', 'Planilhas e Relatórios', 'Entrada de Dados', 'Análise de Dados & Estatística', 'Pesquisa Online']"
Pedro H.,"['Excel', 'Excel Macros', 'NumPy', 'Python', 'Automação de processos robóticos', 'CRM']","['Banco de Dados', 'Teste de Software', 'Planilhas e Relatórios', 'Entrada de Dados']"
Mauricio S.,"['Escrita Técnica', 'Geolocalização', 'Pesquisa Científica', 'Estatísticas', 'Transcrição', 'Banco De Dados', 'Mineração de Dados', 'ABBYY FineReader', 'Excel', 'Python']","['Banco de Dados', 'Análise de Dados & Estatística', 'Agricultura', 'Escrita & Conteúdo']"
Thiago B.,"['Angular', 'Django', 'GIT', 'Inglês Avançado', 'Linux', 'Python']","['UX/UI & Web Design', 'Desenvolvimento Web']"
Jorge B.,"['Banco De Dados', 'Email Marketing', 'Facebook', 'Google Adsense', 'Google Analytics', 'Python', 'Wordpress', 'Business Intelligence', 'Excel']","['Banco de Dados', 'SEO - Search Engine Optimization', 'Marketing Digital', 'Gestão de Mídias Sociais', 'Outra - Web, Mobile & Software']"
Fernando R.,"['Estatísticas', 'Excel', 'Matemática', 'Python', 'SQL', 'Análise de Dados', 'Linguagem de Programação R']","['Planilhas e Relatórios', 'Análise de Dados & Estatística', 'Financeiro', 'Consultoria Pessoal']"
William J.,"['Análise Estatística', 'Escrita Técnica', 'Inteligência Artificial', 'Modelagem Estatística', 'Testes A/B', 'Aprendizado de Máquina (ML)', 'Python', 'Análise de Dados', 'Aprendizagem Profunda', 'Ciência de Dados']","['Redação', 'Análise de Dados & Estatística', 'Engenharia & Arquitetura', 'Tecnologia da Informação']"
Oseias B.,"['Banco De Dados', 'Banco de Dados Relacionais', 'Big Data', 'Business Intelligence', 'Datatables', 'Desenvolvimento de Banco de Dados', 'Inteligência Artificial', 'Modelagem Estatística', 'Visualização de Dados']","['Banco de Dados', 'Cloud Computing', 'Outra - Web, Mobile & Software']"
Luis F.,"['CSS', 'Golang', 'HTML', 'Javascript', 'Python', 'React']","['Desenvolvimento Web', 'Cloud Computing', 'Teste de Software', 'Outra - Web, Mobile & Software']"
Thiago R.,"['ABBYY FineReader', 'Python']","['Banco de Dados', 'Desenvolvimento Web', 'Outra - Web, Mobile & Software']"
Myrla R.,"['Análise Estatística', 'Facebook Marketing', 'Google Analytics', 'Linguagem de Programação R', 'Marketing', 'Marketing de Conteúdo', 'Marketing Digital', 'Powerpoint']","['Marketing Digital', 'Gestão de Mídias Sociais', 'Análise de Dados & Estatística', 'Copywriting', 'Vendas & Marketing']"
Raissa V.,"['Artigos Acadêmicos', 'Assistente Virtual', 'Bilíngue', 'ABBYY FineReader', 'Design Educacional', 'Escrita Técnica', 'Matemática']","['Design Gráfico', 'Apresentação', 'Logotipos', 'Escrita & Conteúdo', 'Idiomas']"
Cecília B.,"['Business Intelligence', 'Estatísticas', 'Google Analytics', 'Agronegócio', 'Banco De Dados', 'eCommerce', 'ETL', 'Excel']","['Banco de Dados', 'Comercial', 'Pesquisa de Mercado', 'Outra - Vendas & Marketing', 'Planilhas e Relatórios', 'Análise de Dados & Estatística', 'Planejamento de Negócios', 'Pesquisa Online', 'Agricultura', 'Consultoria Pessoal', 'Escrita & Conteúdo', 'Fundamental & Ensino Médio', 'Idiomas', 'Negócios & Finanças', 'Saúde & Fitness', 'Vendas & Marketing', 'Outra - Educação & Consultoria']"
Vinicius M.,"['Business Intelligence', 'Excel', 'Google Analytics']","['Assistente Virtual', 'Planilhas e Relatórios', 'Entrada de Dados', 'Outra - Suporte Administrativo', 'Planejamento de Negócios']"
Gabriel A.,"['Análise de Dados', 'Análise Estatística', 'Ciência de Dados', 'Estatísticas', 'Google Analytics', 'Google Data Studio', 'Modelagem Estatística', 'PostgreSQL', 'Power BI\xa0', 'Python']","['Banco de Dados', 'Planilhas e Relatórios', 'Entrada de Dados', 'Análise de Dados & Estatística', 'Gestão de Projetos']"
Cristiano M.,"['.NET Framework', 'Delphi', 'HTML', 'Javascript', 'PHP', 'Programação C#', 'Python', 'React Native', 'SQL', 'Vue.JS']","['Desenvolvimento Mobile', 'Desenvolvimento Web', 'Cloud Computing', 'Desenvolvimento Desktop', 'Outra - Web, Mobile & Software']"
Alessandro A.,"['Python', 'Ruby on Rails', 'NodeJS', 'Angular', 'Microsoft SQL Server', 'PostgreSQL', 'ABBYY FineReader', 'PHP', 'React', 'React Native']","['Banco de Dados', 'Desenvolvimento Web', 'Desenvolvimento Desktop', 'Teste de Software', 'Outra - Web, Mobile & Software']"
Andrew S.,"['Amazon Web Services', 'Business Intelligence', 'Javascript', 'MySQL', 'NodeJS', 'Banco de Dados Oracle', 'PHP', 'PostgreSQL', 'Python', 'Vue.JS']","['Banco de Dados', 'Desenvolvimento Web', 'Cloud Computing', 'Teste de Software']"
Diego P.,"['.NET Framework', 'Android', 'iOS', 'Java', 'Programação C#', 'Spring', 'Swift', 'Unity 3D', 'Design de Games', 'Inglês Fluente']","['Banco de Dados', 'Desenvolvimento de Games', 'Desenvolvimento Mobile', 'Cloud Computing', 'Desenvolvimento Desktop']"
Bruna De O.,"['Domínio De Gramática', 'Inglês', 'Pesquisa Científica', 'Redação', 'Tradução', 'Word', 'Análise de Projetos', 'ABBYY FineReader']","['Redação', 'Edição & Revisão', 'Apresentação', 'Análise de Dados & Estatística', 'Escrita & Conteúdo']"
Synue R.,"['AngularJS', 'eCommerce', 'Google Analytics', 'Javascript', 'Marketing', 'MySQL', 'NodeJS', 'NoSQL Couchbase', 'PHP', 'Web Analytics']","['UX/UI & Web Design', 'SEO - Search Engine Optimization', 'Desenvolvimento Web', 'Marketing Digital', 'Gestão de Mídias Sociais', 'Outra - Vendas & Marketing', 'Gestão de Projetos']"
Nathália F.,"['ABBYY FineReader', '4D Dimension', 'Python']","['Banco de Dados', 'Outra - Web, Mobile & Software', 'Gestão de Projetos', 'Tecnologia da Informação']"
Wallace P.,"['ETL', 'Excel', 'Excel Macros', 'Excel VBA', 'Microsoft SQL Server', 'Pentaho', 'Power BI\xa0', 'PowerBI', 'Python', 'SQL']","['Banco de Dados', 'Pesquisa de Mercado', 'Cloud Computing', 'Análise de Dados & Estatística']"
Marcelo S.,"['Acronis', 'Active Directory', 'Criativo', 'Windows Server', 'Wireless', 'Administração de Redes', 'Atualização De Site', 'Edição de Vídeo', 'Suporte Técnico', 'Design de Website']","['Atendimento ao Consumidor', 'Assistente Virtual', 'Outra - Suporte Administrativo', 'Suporte Técnico', 'Pesquisa Online']"
Isabelle G.,"['Nutrição', 'Adobe Photoshop', 'Redação', 'Redação de Artigos', 'Tradução']","['Ilustração', 'Redação', 'Inglês', 'Apresentação', 'Rótulos e Embalagens']"
Paulo A.,"['Agilidade', 'Análise de Requisitos', 'Entrada de Dados', 'Levantamento de Requisitos', 'QA / Testes', 'Teste de Software', 'Usabilidade']","['Banco de Dados', 'Marketing Digital', 'Teste de Software', 'Outra - Web, Mobile & Software', 'Entrada de Dados']"
Rodrigo A.,"['CSS3', 'HTML5', 'Java', 'MySQL', 'Banco de Dados Oracle', 'PostgreSQL', 'Spring', 'Angular', 'NoSQL Couchbase']","['UX/UI & Web Design', 'Desenvolvimento Web', 'Desenvolvimento Desktop', 'Teste de Software', 'Outra - Web, Mobile & Software']"
Felipe F.,"['PHP', 'Java', 'JSON', 'MySQL', 'PostgreSQL', 'Administração de Banco de Dados', 'Administração PostgreSQL', 'Algoritmo', 'Análise de Sistemas', 'Ciência de Dados']","['Banco de Dados', 'Desenvolvimento Web', 'Desenvolvimento Desktop', 'Outra - Web, Mobile & Software']"
Tulio B.,"['Google ADS', 'Análise de Métricas', 'Análise de Projetos', 'Mídias Sociais', 'Neuromarketing', 'Pesquisa de Marketing', 'Pesquisa de Mercado', 'Planejamento de Marketing', 'Planejamento de Mídia', 'Planejamento e Compra de Anúncios', 'Plano de Mídia', 'Publicidade']","['Banco de Dados', 'SEO - Search Engine Optimization', 'Marketing Digital', 'Gestão de Mídias Sociais', 'Pesquisa de Mercado', 'Desenvolvimento Desktop', 'Outra - Vendas & Marketing']"
Phelipe M.,"['Business Intelligence', 'Gestão Da Marca', 'Mídias Sociais', 'Monitoramento', 'Monitoramento']","['UX/UI & Web Design', 'Atendimento ao Consumidor', 'Marketing Digital', 'Gestão de Mídias Sociais', 'Pesquisa de Mercado', 'Outra - Vendas & Marketing']"
Lucas B.,"['Digitação', 'Inglês Fluente', 'Python', 'Revisão De Inglês', 'Revisão De Texto', 'Programação C', 'Marketing de Conteúdo', 'SQL']","['Banco de Dados', 'Redação', 'Inglês', 'Marketing Digital', 'Engenharia Elétrica & Eletrônica']"
Daniel H.,"['Visual Basic', 'Wordpress', 'AJAX', 'CSS3', 'Python', 'Javascript', 'PHP', 'Symfony PHP', 'jQuery', 'NodeJS']","['Desenvolvimento Web', 'Desenvolvimento Desktop', 'Outra - Web, Mobile & Software', 'Gestão de Projetos', 'Financeiro']"
Rafaela B.,"['Análise de Projetos', 'Análise de Requisitos', 'Gerenciamento de Projetos', 'Python']","['Banco de Dados', 'SEO - Search Engine Optimization', 'Gestão de Projetos']"
Marcelo S.,"['MySQL', 'PHP', 'Microsoft SQL Server', 'Linux', 'Python', 'ABAP', 'A&P', 'ABBYY FineReader']","['UX/UI & Web Design', 'Banco de Dados', 'Desenvolvimento Web', 'Cloud Computing']"
Eduardo R.,"['Business Intelligence', 'Microsoft SQL Server']","['UX/UI & Web Design', 'Banco de Dados', 'Marketing Digital', 'Gestão de Mídias Sociais', 'Cloud Computing', 'Outra - Web, Mobile & Software', 'Gestão de Projetos']"
Paula P.,"['Android', 'Mineração de Dados', 'ABBYY FineReader', 'iOS', 'Python']","['Desenvolvimento Mobile', 'Edição & Revisão', 'Marketing Digital', 'Edição de Imagens', 'Outra - Web, Mobile & Software']"
Paula C.,['Atendimento ao Cliente'],"['UX/UI & Web Design', 'Redação', 'Edição & Revisão', 'Desenvolvimento Web', 'Atendimento ao Consumidor', 'Teste de Software', 'Assistente Virtual']"
Leonidas G.,"['Excel', 'Business Intelligence', 'MySQL', 'Banco De Dados', 'Sharepoint', '.NET para Web', 'Cloud Computing', 'Entrada de Dados', '4D Dimension', 'Python']","['Banco de Dados', 'Desenvolvimento Web', 'Planilhas e Relatórios', 'Entrada de Dados', 'Análise de Dados & Estatística']"
Dayse L.,"['Administração', 'Assistente Virtual', 'Atendimento ao Cliente', 'Banco De Dados', 'Digitação', 'Excel', 'Edição de Textos', 'Microsoft Access', 'MySQL', 'PeopleSoft']","['Atendimento ao Consumidor', 'Assistente Virtual', 'Planilhas e Relatórios', 'Entrada de Dados', 'Suporte Técnico']"
Elton G.,"['Inglês Avançado', 'Análise de Negócios', 'Auditoria Externa', 'Big Data', 'Estratégia de Negócios', 'InCopy', 'Plano de Negócios', 'Power BI\xa0', 'SQL']","['Edição & Revisão', 'Planilhas e Relatórios', 'Tributação', 'Planejamento de Negócios', 'Copywriting']"
Arthur G.,"['Excel', 'Produção', 'Visual Basic', 'MongoDB', 'Power BI\xa0', 'Powerpoint', 'Python', 'SAS', 'SQL', 'Tableau']","['Banco de Dados', 'Desenvolvimento Desktop', 'Planilhas e Relatórios', 'Modelagem 3D & CAD', 'Planejamento de Negócios']"
Oceansoft,"['Java', 'Programação C#', 'Python', 'Programação C', 'Programação C++', 'Asp.Net', 'Banco De Dados', 'Cloud Computing', 'Mineração de Dados', 'Mobile', '.NET Framework', '.NET para Web', 'ADO.NET Entity Framework', 'Amazon Web Services', 'Android', 'Apple Developer', 'ASP.NET MVC', 'Azure', 'Consultoria', 'CSS3', 'Armazenagem de Dados', 'Estatísticas', 'Framework JavaScript', 'Gestão', 'HTML5', 'iOS', 'Layout', 'Banco de Dados Oracle', 'PL/SQL', 'Web Analytics']","['UX/UI & Web Design', 'Banco de Dados', 'Desenvolvimento de Games', 'Desenvolvimento Mobile', 'Desenvolvimento Web', 'Cloud Computing', 'Desenvolvimento Desktop', 'Teste de Software', 'Outra - Web, Mobile & Software', 'Planilhas e Relatórios', 'Análise de Dados & Estatística', 'Gestão de Projetos', 'Planejamento de Negócios', 'Outra - Administração & Contabilidade']"
Samuel F.,['Digitação'],"['Redação', 'Edição & Revisão', 'Atendimento ao Consumidor', 'Análise de Dados & Estatística', 'Outra - Atendimento ao Consumidor']"
Paulo M.,"['NodeJS', 'NoSQL Couchbase', 'Banco De Dados', 'Big Data', 'Python', 'Web Analytics']","['UX/UI & Web Design', 'Banco de Dados', 'Desenvolvimento Web', 'Outra - Web, Mobile & Software', 'Gestão de Projetos']"
Allan C.,"['Adobe Creative Suite', 'Amazon Kindle', 'Corel Draw', 'Corel Paint Shop', 'Adobe Illustrator', 'Adobe InDesign', 'Microsoft Office', 'Adobe Photoshop']","['Assessoria de Imprensa', 'Jornalismo', 'Redação', 'Edição & Revisão', 'Marketing Digital', 'Gestão de Mídias Sociais', 'Pesquisa de Mercado', 'Outra - Design & Criação']"
Fabio D M.,"['Análise de Dados', 'Excel', 'Excel VBA', 'Microsoft Office', 'Power BI\xa0', 'Python', 'Salesforce', 'SQL', 'Tableau']","['Planilhas e Relatórios', 'Entrada de Dados', 'Análise de Dados & Estatística', 'Transcrição', 'Escrita & Conteúdo']"
Reni D.,"['Android', 'Facebook API', 'Geolocalização', 'Google Maps API', 'Java', 'NodeJS', 'Paypal API', 'Python', 'XML']","['UX/UI & Web Design', 'Banco de Dados', 'Desenvolvimento Mobile', 'Desenvolvimento Desktop', 'Outra - Web, Mobile & Software']"
Carina S.,"['Amazon Web Services', 'Análise de Projetos', 'Banco De Dados', 'Chatbot', 'Desenvolvimento de API', 'Desenvolvimento Desktop', 'ETL', 'Google Analytics']","['Banco de Dados', 'Cloud Computing', 'Desenvolvimento Desktop', 'Outra - Web, Mobile & Software']"
Jorge K.,"['Mineração de Dados', 'Armazenagem de Dados', 'Estatísticas', 'SQL', 'Web Analytics', 'Business Intelligence', 'Python']","['Banco de Dados', 'SEO - Search Engine Optimization', 'Marketing Digital', 'Gestão de Mídias Sociais', 'Outra - Web, Mobile & Software']"
Gabriela F.,"['Atendimento ao Cliente', 'Banco De Dados', 'Business Intelligence', 'Excel', 'Inteligência Artificial', 'Linguagem de Programação R', 'Python', 'Visão Computacional', 'Desenvolvimento de Relatórios', 'Revisão']","['Pesquisa de Mercado', 'Cloud Computing', 'Outra - Escrita', 'Planilhas e Relatórios', 'Análise de Dados & Estatística']"
Silvio C.,"['Agilidade', 'Artigos Acadêmicos', 'Contabilidade', 'Espanhol', 'Excel', 'Finanças', 'Follow-up', 'Inglês', 'Microsoft Office']","['Edição & Revisão', 'Contabilidade', 'Financeiro', 'Contabilidade', 'Escrita & Conteúdo']"
Ricardo I.,"['AngularJS', 'Geolocation', 'Hibernate', 'Java EE', 'JBoss', 'NodeJS', 'PostgreSQL', 'Python', 'Ruby on Rails', 'Scrum']","['UX/UI & Web Design', 'Banco de Dados', 'Desenvolvimento Mobile', 'Desenvolvimento Web', 'Cloud Computing', 'Desenvolvimento Desktop', 'Outra - Web, Mobile & Software', 'Gestão de Projetos']"
Paulo Da R.,"['Estatísticas', 'Excel', 'Facebook', 'Marketing', 'Marketing Político', 'Pesquisa de Marketing', 'Adobe Photoshop', 'Planejamento de Marketing', 'Relações Públicas', 'SEO']","['SEO - Search Engine Optimization', 'Marketing Digital', 'Gestão de Mídias Sociais', 'Pesquisa de Mercado', 'Relações Públicas', 'Outra - Vendas & Marketing', 'Análise de Dados & Estatística', 'Gestão de Projetos', 'Planejamento de Negócios']"
Matheus P.,"['Análise de Métricas', 'Análise de Projetos', 'Análise de Requisitos', 'AWK', 'Banco De Dados', 'Business Intelligence', 'Mineração de Dados', 'Armazenagem de Dados', 'ETL', 'SQL']","['UX/UI & Web Design', 'Banco de Dados', 'Desenvolvimento Desktop', 'Planilhas e Relatórios', 'Entrada de Dados']"
Guilherme C.,"['Amazon Web Services', 'Android', 'Desenvolvimento de API', 'Javascript', 'MySQL', 'NodeJS', 'NoSQL Couchbase', 'Python', 'Ruby on Rails']","['UX/UI & Web Design', 'Banco de Dados', 'Desenvolvimento Mobile', 'Desenvolvimento Web', 'Cloud Computing', 'Desenvolvimento Desktop', 'Teste de Software', 'Outra - Web, Mobile & Software']"
Marcelo S.,"['Excel', 'Finanças', 'Análise de Projetos', 'Business Intelligence']","['Comercial', 'Outra - Vendas & Marketing', 'Planilhas e Relatórios', 'Entrada de Dados', 'Análise de Dados & Estatística', 'Gestão de Projetos', 'Planejamento de Negócios', 'Financeiro']"
Franklin,"['Java', 'Python', 'StoryTelling']","['SEO - Search Engine Optimization', 'Marketing Digital', 'Análise de Dados & Estatística', 'Planejamento de Negócios', 'Financeiro']"
Gabriel B.,"['Linux', 'Microsoft Office', 'Segurança de Redes', 'Suporte Técnico', 'Windows Server', 'Conversão de Vídeo', 'ABBYY FineReader', 'Python', 'Scrum']","['Banco de Dados', 'Análise de Dados & Estatística', 'Gestão de Projetos', 'Suporte Técnico', 'Tecnologia da Informação']"
Thiago H.,"['HTML', 'Java', 'Java Swing', 'Javascript', 'MySQL', 'NodeJS', 'PostgreSQL', 'SQL', 'Microsoft SQL Server']","['UX/UI & Web Design', 'Banco de Dados', 'Desenvolvimento Web', 'Desenvolvimento Desktop', 'Teste de Software', 'Outra - Web, Mobile & Software', 'Análise de Dados & Estatística']"
Thiago F.,"['Banco De Dados', 'Mineração de Dados', 'Estatísticas', 'Excel', 'Finanças', 'Matemática', 'Mercado Financeiro', 'Microsoft Office', 'SAS', 'SQL']","['Banco de Dados', 'Planilhas e Relatórios', 'Análise de Dados & Estatística', 'Planejamento de Negócios', 'Financeiro', 'Outra - Administração & Contabilidade']"
Bruno V.,"['Análise de Projetos', 'Banco De Dados', 'Business Intelligence', 'Consultoria', 'Mineração de Dados', 'Entrada de Dados', 'Estatísticas', 'Inglês', 'Microsoft Office']","['Banco de Dados', 'Marketing Digital', 'Pesquisa de Mercado', 'Planilhas e Relatórios', 'Entrada de Dados', 'Análise de Dados & Estatística', 'Planejamento de Negócios', 'Outra - Administração & Contabilidade']"
Adriano A.,"['PostgreSQL', 'Python', 'GIT', 'Linux', 'HTML5', 'Excel']","['Banco de Dados', 'Desenvolvimento Mobile', 'Desenvolvimento Web', 'Desenvolvimento Desktop', 'Outra - Web, Mobile & Software']"
Luiz G.,"['Algoritmo', 'Arduino', 'Mineração de Dados', 'Delphi', 'Fortran', 'Inglês Avançado', 'MySQL', 'Python', 'Excel', 'Visual Basic']","['Banco de Dados', 'Cloud Computing', 'Desenvolvimento Desktop', 'Teste de Software', 'Outra - Web, Mobile & Software', 'Planilhas e Relatórios', 'Engenharia Mecânica']"
Victor G.,"['Alemão', 'Análise de Projetos', 'Mineração de Dados', 'Armazenagem de Dados', 'Excel', 'Inglês Fluente', 'Mercado Financeiro', 'Python', 'SAS', 'Tradução']","['Banco de Dados', 'Inglês', 'Outra - Escrita', 'Entrada de Dados', 'Engenharia Mecânica', 'Análise de Dados & Estatística', 'Gestão de Projetos', 'Planejamento de Negócios']"
Erluan F.,"['Javascript', 'jQuery', 'MySQL', 'PHP', 'UX', 'Inglês Avançado', 'NoSQL Couchbase', 'Python', 'Flutter', 'iOS']","['UX/UI & Web Design', 'Desenvolvimento Mobile', 'Desenvolvimento Web', 'Desenvolvimento Desktop', 'Outra - Web, Mobile & Software']"
Juan S.,"['Banco De Dados', 'Excel', 'Google Analytics', 'MySQL', 'Python', 'SQL', 'Web Analytics', 'Cloud Computing']","['Banco de Dados', 'Cloud Computing', 'Entrada de Dados', 'Análise de Dados & Estatística']"
Túlio P.,"['.NET Compact Framework', '.NET Framework', 'Administração', 'Análise de Projetos', 'Banco De Dados', 'ABBYY FineReader', 'Desenvolvimento de API', 'Google Maps API', 'ABAP', 'Python']","['Engenharia Elétrica & Eletrônica', 'Análise de Dados & Estatística', 'Web, Mobile & Software', 'Tecnologia da Informação']"
Rafael S.,"['Framework JavaScript', 'NodeJS', 'PHP', 'Ruby on Rails', 'PHP5', 'Programação C', 'Programação C++', 'Programação Orientada a Objetos', 'Javascript', 'Vue.JS']","['Desenvolvimento Web', 'Desenvolvimento Desktop']"
Felipe L.,"['Design de Games', 'Design de Website', 'Programação C++', 'Mobile', 'Tradução', 'Amazon Web Services', 'NodeJS', 'PHP']","['Design 3D', 'Desenvolvimento de Games', 'Desenvolvimento Mobile', 'Desenvolvimento Web', 'Desenvolvimento Desktop']"
Bruno M.,"['AngularJS', 'Banco De Dados', 'CakePHP', 'CSS3', 'Framework JavaScript', 'Javascript', 'PHP', 'Programação C++', 'Python', 'Wordpress']","['Banco de Dados', 'Desenvolvimento Mobile', 'Desenvolvimento Web', 'Cloud Computing', 'Outra - Web, Mobile & Software']"
Heitor R.,"['AngularJS', 'Arduino', 'Business Intelligence', 'Mineração de Dados', 'Javascript', 'NodeJS', 'Programação C++', 'Python']","['Banco de Dados', 'Desenvolvimento Web', 'Marketing Digital', 'Desenvolvimento Desktop', 'Gestão de Projetos']"
André S.,"['Amazon Web Services', 'Business Intelligence', 'Cloud Computing', 'Mineração de Dados', 'Armazenagem de Dados', 'Java', 'Python', 'Arquitetura de Software', 'Estatísticas', 'Gerenciamento de Produtos']","['UX/UI & Web Design', 'Banco de Dados', 'Desenvolvimento Web', 'Marketing Digital', 'Cloud Computing', 'Desenvolvimento Desktop', 'Outra - Web, Mobile & Software', 'Gestão de Projetos']"
Guido Y.,"['Análise de Requisitos', 'ABBYY FineReader', 'Gerenciamento de Projetos', '4D Dimension', 'Prototipação', 'Python', 'QA / Testes', 'Scrum', 'Social Media', 'UX Design']","['Atendimento ao Consumidor', 'Planilhas e Relatórios', 'Entrada de Dados', 'Gestão de Projetos', 'Planejamento de Negócios']"
Fábio B.,"['AngularJS', 'Javascript', 'Mobile', 'NodeJS', 'NoSQL Couchbase', 'Python', 'Vue.JS']","['UX/UI & Web Design', 'Banco de Dados', 'Desenvolvimento Mobile', 'Desenvolvimento Web', 'Cloud Computing', 'Desenvolvimento Desktop', 'Outra - Web, Mobile & Software']"
Lucca S.,"['Estatísticas', 'Jornalismo Econômico', 'Pesquisa Científica']","['Planilhas e Relatórios', 'Análise de Dados & Estatística', 'Planejamento de Negócios', 'Financeiro', 'Outra - Administração & Contabilidade']"
Everson S.,"['Algoritmo', 'Amazon Web Services', 'Android', 'AngularJS', 'Apache', 'Apple Developer', 'Arduino', 'Banco De Dados', 'Blog', 'Business Intelligence', 'Cloud Computing', 'Criptografia', 'Mineração de Dados', 'Armazenagem de Dados', 'Desenvolvimento de API', 'Direito Digital', 'eCommerce', 'Git Hub', 'Google Adsense', 'Google Analytics', 'Google Maps API', 'Java', 'NodeJS', 'Programação C++', 'SAP', 'Segurança Web', 'SQL', 'Webservice', 'WooCommerce', 'XML']","['UX/UI & Web Design', 'Banco de Dados', 'Desenvolvimento de Games', 'Desenvolvimento Mobile', 'SEO - Search Engine Optimization', 'Desenvolvimento Web', 'Marketing Digital', 'Gestão de Mídias Sociais', 'Cloud Computing', 'Desenvolvimento Desktop', 'Teste de Software', 'Outra - Web, Mobile & Software', 'Análise de Dados & Estatística', 'Gestão de Projetos']"
Antonio R.,"['Armazenagem de Dados', 'ETL', 'Java', 'MySQL', 'NoSQL Couchbase', 'Python', 'Ciência de Dados', 'Visualização de Dados', 'Processamento de Dados']","['Banco de Dados', 'Cloud Computing', 'Desenvolvimento Desktop', 'Outra - Web, Mobile & Software', 'Web, Mobile & Software']"
Ivan L.,"['ABBYY FineReader', 'Django', 'MySQL', 'Banco de Dados Oracle', 'PostgreSQL', 'Python', 'React', 'Selenium']","['Assistente Virtual', 'Planilhas e Relatórios', 'Entrada de Dados', 'Outra - Suporte Administrativo', 'Análise de Dados & Estatística']"
José T.,"['Adobe Fireworks', 'Adobe Illustrator', 'Joomla', 'MySQL', 'Banco de Dados Oracle', 'PL/SQL', 'PostgreSQL', 'Microsoft SQL Server', 'Wordpress']","['UX/UI & Web Design', 'Banco de Dados', 'Desenvolvimento Web', 'Atendimento ao Consumidor', 'Logotipos']"
Cristiano S.,"['Atendimento ao Cliente', 'Banco De Dados', 'Digitação', 'Suporte Técnico']","['Atendimento ao Consumidor', 'Teste de Software', 'Entrada de Dados']"
Daniel F.,"['Desenvolvimento de API', 'Java', 'Spring', 'Algoritmo', 'Gestão', 'Golang', 'Liderança', 'Python', 'Scrum']","['UX/UI & Web Design', 'Desenvolvimento Mobile', 'Desenvolvimento Web', 'Cloud Computing', 'Desenvolvimento Desktop', 'Outra - Web, Mobile & Software']"
Edcarlos P.,"['Arduino', 'HTML5', 'Java', 'LabVIEW', 'MySQL', 'PHP', 'Programação C++', 'Python', 'Visual Basic', 'Wordpress']","['UX/UI & Web Design', 'Banco de Dados', 'Desenvolvimento Web', 'Desenvolvimento Desktop', 'Outra - Web, Mobile & Software']"
Lilian M.,"['Adobe Creative Suite', 'AutoCAD', 'Corel Draw', 'Corel Paint Shop', 'Flash', 'Ilustração', 'Particle Ilusion', 'Sony Vegas', 'Cinema 4D', 'Javascript']","['Design Gráfico', 'UX/UI & Web Design', 'Ilustração', 'Logotipos', 'Outra - Design & Criação']"
Pedro H.,"['Google Analytics', 'Análise de Métricas', 'ABBYY FineReader', 'MySQL', 'Python']","['Ilustração', 'Banco de Dados', 'Redação', 'Edição & Revisão', 'Marketing Digital']"
Lucas G.,"['Apresentador', 'Boa Escrita', 'Comunicação Digital', 'Fotojornalismo', 'Jornal', 'Organização de Eventos', 'Radiojornalismo', 'Resenhas', 'Revista', 'Webradio']","['Assessoria de Imprensa', 'Jornalismo', 'Fotografia', 'Locução & Narração']"
Cassio R.,"['CakePHP', 'Google Adsense', 'Java', 'Javascript', 'MySQL', 'PHP', 'Programação C#', 'Programação C++', 'Python', 'SEO', 'Banco De Dados', 'eCommerce', 'Magento']","['UX/UI & Web Design', 'Banco de Dados', 'Desenvolvimento Mobile', 'SEO - Search Engine Optimization', 'Desenvolvimento Web', 'Marketing Digital', 'Cloud Computing', 'Desenvolvimento Desktop', 'Teste de Software', 'Gestão de Projetos']"
Rogerio R.,"['Excel', 'Microsoft Access', 'Microsoft Project']","['Banco de Dados', 'Outra - Web, Mobile & Software', 'Outra - Engenharia & Arquitetura', 'Modelagem 3D & CAD']"
Cibele C.,"['ETL', 'Python']","['Banco de Dados', 'Desenvolvimento Desktop']"
Marco A.,"['Geolocalização', 'Python', 'Estatísticas', 'ABBYY FineReader', 'ABAP', 'Ableton']","['Banco de Dados', 'Desenvolvimento Web', 'Marketing Digital', 'Outra - Web, Mobile & Software']"
Carlos R.,"['AJAX', 'Angular', 'CSS3', 'HTML5', 'Javascript', 'jQuery']",['Desenvolvimento Web']
Eduardo R.,"['Banco De Dados', 'Business Intelligence', 'Microsoft SQL Server']","['UX/UI & Web Design', 'Banco de Dados', 'Marketing Digital', 'Gestão de Mídias Sociais', 'Cloud Computing', 'Outra - Web, Mobile & Software']"
André J.,"['Java', 'Python']","['Design Gráfico', 'Ilustração', 'Banco de Dados', 'Outra - Web, Mobile & Software']"
Rafael M.,"['.NET Framework', 'Amazon Web Services', 'Banco De Dados', 'Mineração de Dados', 'Desenvolvimento de API', 'Facebook API', 'Java', 'Javascript', 'Python', 'Twitter API']","['Banco de Dados', 'Desenvolvimento Web', 'Marketing Digital', 'Desenvolvimento Desktop', 'Outra - Web, Mobile & Software']"
Juliano E.,"['Administração', 'Banco De Dados', 'Business Intelligence', 'Excel', 'Finanças', 'Formulários', 'Inglês Avançado', 'MySQL', 'Python', 'Visual Basic']","['Banco de Dados', 'Desenvolvimento Desktop', 'Outra - Web, Mobile & Software', 'Planilhas e Relatórios', 'Entrada de Dados']"
Giovani M.,"['ASP', 'Banco De Dados', 'CSS', 'HTML5', 'Javascript', 'MySQL', 'PHP', 'Programação C#', 'SQL', 'Microsoft SQL Server']","['Banco de Dados', 'Desenvolvimento Web', 'Cloud Computing', 'Desenvolvimento Desktop', 'Outra - Web, Mobile & Software']"
Renan A.,"['Amazon Web Services', 'AngularJS', 'Cloud Computing', 'Mineração de Dados', 'Java', 'Javascript', 'NodeJS', 'Python', 'Spring']","['UX/UI & Web Design', 'Desenvolvimento Web', 'Cloud Computing', 'Desenvolvimento Desktop', 'Outra - Web, Mobile & Software']"
Valderli J.,"['CSS3', 'Estatísticas', 'Google Earth', 'Google Maps API', 'HTML5', 'Javascript', 'PHP', 'Python', 'Postgis', 'PostgreSQL']","['UX/UI & Web Design', 'Banco de Dados', 'Desenvolvimento Mobile', 'Desenvolvimento Web', 'Outra - Web, Mobile & Software']"
Jadna R.,"['Copywriting', 'Redação', 'SEO']","['Redação', 'Edição & Revisão', 'Inglês', 'Copywriting', 'Currículo & Carta de Apresentação']"
Kaue O.,"['CakePHP', 'GIT', 'HTML5', 'Java', 'Javascript', 'jQuery', 'Linux', 'MySQL', 'PHP', 'Windows Server']","['Banco de Dados', 'Desenvolvimento Web', 'Desenvolvimento Desktop']"
Cesar V.,"['MySQL', 'PHP', 'Django', 'Python', 'PostgreSQL', 'Banco De Dados', 'Mineração de Dados', 'Web Analytics']","['Banco de Dados', 'Desenvolvimento Web', 'Cloud Computing', 'Desenvolvimento Desktop', 'Outra - Web, Mobile & Software']"
Anderson D.,"['Mineração de Dados', 'Java', 'Linux', 'Programação C#', 'Programação C++', 'Python', 'SQL', 'Unity 3D', 'UNIX', 'Django']","['Banco de Dados', 'Desenvolvimento Mobile', 'Desenvolvimento Web', 'Cloud Computing', 'Outra - Web, Mobile & Software']"
Ricardo S.,"['Armazenagem de Dados', 'Microsoft Project', 'SQL', 'ABBYY FineReader', '4D Dimension', 'Web Analytics']","['Banco de Dados', 'Marketing Digital', 'Outra - Web, Mobile & Software']"
Harlen P.,"['Adobe Illustrator', 'Adobe Photoshop', 'Keras', 'Scikit Learn', 'Tensorflow', 'Virtual Machines']",['Desenvolvimento Web']
Ismael J.,"['Javascript', 'Linux', 'PHP', 'Python', 'Computação Científica', 'Power BI\xa0']","['UX/UI & Web Design', 'SEO - Search Engine Optimization', 'Desenvolvimento Web', 'Marketing Digital', 'Cloud Computing']"
Vinicius H.,"['Eclipse', 'HTML5', 'Java', 'Java EE', 'Javascript', 'MySQL', 'Spring', 'SQL', 'Microsoft SQL Server']","['Banco de Dados', 'Desenvolvimento Web', 'Desenvolvimento Desktop', 'Outra - Web, Mobile & Software']"
Yan H.,"['CSS3', 'Estatísticas', 'Java', 'Python', 'Desenvolvimento de API', 'Django', 'Front-End', 'Javascript', 'Mobile', 'Vue.JS']","['Desenvolvimento de Games', 'Desenvolvimento Mobile', 'Desenvolvimento Web', 'Outra - Web, Mobile & Software', 'Análise de Dados & Estatística']"
Regiane A.,"['Administração', 'Comprometimento', 'Criação']","['Design Gráfico', 'Edição de Imagens', 'Logotipos', 'Outra - Design & Criação', 'Outra - Suporte Administrativo']"
Fabio S.,"['Business Intelligence', 'Mineração de Dados', 'Armazenagem de Dados', 'Python', 'Análise de Projetos', 'Análise de Requisitos', 'Banco De Dados', 'Integração', 'NoSQL Couchbase']","['UX/UI & Web Design', 'Banco de Dados', 'Desenvolvimento Mobile', 'Desenvolvimento Desktop', 'Outra - Web, Mobile & Software']"
Leonardo D.,"['.NET Framework', '3DS Max', 'Android', 'Excel', 'iOS', 'Programação C#', 'Unity 3D', 'Word', 'Wordpress']","['Desenvolvimento Web', 'Desenvolvimento Desktop', 'Planilhas e Relatórios', 'Outra - Suporte Administrativo', 'Modelagem 3D & CAD']"
Rafaela N.,"['CSS', 'CSS3', 'Desenvolvimento Web', 'HTML', 'HTML5', 'Javascript']","['UX/UI & Web Design', 'Desenvolvimento Web']"
Sávio M.,"['Desenvolvimento AI/RPA', 'Excel', 'PowerBI', 'Python', 'Scrum', 'SQL']","['Banco de Dados', 'Cloud Computing', 'Outra - Web, Mobile & Software', 'Entrada de Dados', 'Engenharia Elétrica & Eletrônica']"
Rogério C.,"['AutoCAD', 'Gerenciamento de Produtos', 'Gerenciamento de Projetos', 'Planejamento', 'SAP', 'Python', 'Análise de Métricas', 'Análise de Projetos', 'ETL', 'SQL']","['Outra - Engenharia & Arquitetura', 'Modelagem 3D & CAD', 'Gestão de Projetos', 'Planejamento de Negócios']"
Angelica P.,['ABBYY FineReader'],"['Edição & Revisão', 'Inglês', 'Outra - Escrita', 'Currículo & Carta de Apresentação']"
João G.,"['Java', 'Javascript', 'NodeJS', 'React', 'Docker', 'PostgreSQL', 'Python']","['Banco de Dados', 'Desenvolvimento Mobile', 'Desenvolvimento Web', 'Cloud Computing', 'Teste de Software']"
Carlos C.,"['Big Data', 'Microsoft SQL Server', 'Power BI\xa0']","['Banco de Dados', 'Desenvolvimento Web', 'Outra - Web, Mobile & Software']"
Daniel B.,"['Google ADS', 'Atendimento ao Cliente', 'Inglês', 'Inglês Avançado', 'Marketing', 'Propaganda', 'Facebook', 'Redes Sociais']","['Atendimento ao Consumidor', 'Comercial', 'Marketing Digital']"
Lucas Â.,"['Business Intelligence', 'Mineração de Dados', 'Armazenagem de Dados', 'Python']","['Banco de Dados', 'Entrada de Dados', 'Análise de Dados & Estatística', 'Planejamento de Negócios']"
Anderson De F.,"['Business Intelligence', 'Mineração de Dados', 'Armazenagem de Dados', 'ETL', 'Java', 'Python', 'SQL', 'Visual Studio', 'Inglês Avançado']","['Banco de Dados', 'Desenvolvimento Web', 'Cloud Computing', 'Desenvolvimento Desktop', 'Outra - Web, Mobile & Software']"
Giovani De P.,"['Abstract Window Toolkit (AWT)', 'CSS3', 'HTML5', 'Pacote Adobe']","['Design de Produto', 'Design Gráfico', 'UX/UI & Web Design', 'Logotipos']"
Marcelo S.,"['Administração', 'Análise de Métricas', 'Business Intelligence', 'Comprometimento', 'Estatísticas', 'Excel', 'Formulários', 'Gerenciamento de Projetos', 'Gestão', 'Planejamento']","['Atendimento ao Consumidor', 'Assistente Virtual', 'Planilhas e Relatórios', 'Outra - Suporte Administrativo', 'Outra - Engenharia & Arquitetura']"
Diego T.,"['.NET Framework', 'Microsoft SQL Server']","['SEO - Search Engine Optimization', 'Desenvolvimento Web', 'Desenvolvimento Desktop', 'Outra - Web, Mobile & Software']"
Saul S.,"['Adobe After Effects', 'Escrita Técnica', 'Excel', 'Adobe Illustrator', 'Adobe Photoshop', 'Programação C#', 'Python', 'Revisão De Texto', 'Texto jornalístico']","['Jornalismo', 'Redação', 'Edição & Revisão', 'Roteiro']"
Igor C.,"['Excel', 'Power BI\xa0', 'Microsoft SQL Server', 'MySQL', 'PostgreSQL', 'Qlik', 'SQL']","['UX/UI & Web Design', 'Banco de Dados', 'Desenvolvimento Web', 'Cloud Computing', 'Desenvolvimento Desktop']"
Rodrigo T.,"['Mineração de Dados', 'Python']","['Outra - Web, Mobile & Software']"
André G.,"['Aplicações Desktop', 'Aquisições', 'AutoCAD', 'C++/Bada', 'Atualização De Site', 'Banco De Dados', 'Python', 'PHP', 'Mineração de Dados', 'HTML']","['Desenvolvimento Mobile', 'Inglês', 'Desenvolvimento Desktop', 'Outra - Web, Mobile & Software']"
Marcos W.,"['Angular', 'Django', 'Framework JavaScript', 'Java', 'PHP', 'Programação C++', 'Python', 'QA / Testes', 'jQuery', 'Artigos Acadêmicos']","['Banco de Dados', 'Desenvolvimento Web', 'Desenvolvimento Desktop', 'Teste de Software', 'Outra - Web, Mobile & Software']"
Vladimir A.,"['Business Intelligence', 'Mineração de Dados', 'Mac OS X']","['Banco de Dados', 'Marketing Digital', 'Cloud Computing']"
Alan P.,"['Java', 'Java EE', 'JBoss', 'NodeJS', 'NoSQL Couchbase', 'Spring']","['UX/UI & Web Design', 'Desenvolvimento Web', 'Cloud Computing', 'Desenvolvimento Desktop', 'Outra - Web, Mobile & Software']"
Beatrice V.,"['Android', 'AngularJS', 'CSS', 'HTML5', 'iOS', 'Javascript', 'Python']","['UX/UI & Web Design', 'Desenvolvimento Mobile', 'Desenvolvimento Web', 'Desenvolvimento Desktop', 'Teste de Software']"
Anderson S.,"['Adobe CS5', 'Banco De Dados', 'Bilíngue', 'Corel Draw', 'CSS3', 'Mineração de Dados', 'GIT', 'Inglês Fluente', 'Lógica', 'Python']","['UX/UI & Web Design', 'Diagramação', 'Desenvolvimento Web', 'Marketing Digital', 'Outra - Web, Mobile & Software']"
Paulo R.,"['.NET Framework', 'Adobe After Effects', 'Adobe Illustrator', 'Adobe Photoshop', 'Adobe Premiere', 'Análise de Dados', 'Ciência de Dados', 'Gerenciamento de Website', 'Programação']","['UX/UI & Web Design', 'Desenvolvimento Web', 'Vídeo - Edição e Produção', 'Logotipos', 'Outra - Web, Mobile & Software']"
Eduardo L.,"['Android', 'Angular', 'Mineração de Dados', 'Golang', 'Java', 'Javascript', 'Mobile', 'NoSQL Couchbase', 'Python', 'Spring']","['Desenvolvimento Mobile', 'Desenvolvimento Web', 'Cloud Computing', 'Desenvolvimento Desktop']"
Pedro H.,"['Angular', 'Framework JavaScript', 'Java EE', 'Mobile', 'NodeJS', 'PostgreSQL']","['Banco de Dados', 'Desenvolvimento Mobile', 'Desenvolvimento Web', 'Desenvolvimento Desktop']"
Laercio G.,"['Mineração de Dados', 'ETL', 'Java', 'Java EE', 'Banco de Dados Oracle', 'PL/SQL', 'PostgreSQL', 'Python', 'SQL', 'StoryTelling']","['Banco de Dados', 'Desenvolvimento Web', 'Desenvolvimento Desktop', 'Outra - Web, Mobile & Software']"
Heitor T.,"['Excel', 'Linux', 'Python', 'Visual Basic', 'Word', 'Análise de Métricas', 'Banco De Dados', 'Business Intelligence', 'MySQL', 'Power BI\xa0']","['Banco de Dados', 'Outra - Web, Mobile & Software', 'Engenharia Elétrica & Eletrônica', 'Engenharia Mecânica', 'Outra - Engenharia & Arquitetura']"
Iago C.,"['Amazon Web Services', 'Django', 'Python', 'Vue.JS']",['Desenvolvimento Web']
Renato M.,"['Análise de Projetos', 'Python', 'Banco De Dados', 'Mineração de Dados', 'ABBYY FineReader', 'Entrada de Dados', 'Gerenciamento de Projetos', '4D Dimension', 'SQL', 'Web Analytics']","['Planilhas e Relatórios', 'Análise de Dados & Estatística', 'Gestão de Projetos', 'Transcrição', 'Negócios & Finanças']"
Pedro M.,"['Mineração de Dados', 'Armazenagem de Dados', 'Python', 'Selenium']","['Banco de Dados', 'Marketing Digital', 'Desenvolvimento Desktop', 'Outra - Web, Mobile & Software']"
Luiz F.,"['AutoCAD', 'Python']","['Engenharia Elétrica & Eletrônica', 'Outra - Engenharia & Arquitetura', 'Modelagem 3D & CAD']"
Luiz P.,"['E-mail Marketing', 'Endomarketing', 'Facebook', 'Marketing de Conteúdo', 'Planejamento de Marketing', 'Adobe Photoshop']","['Marketing Digital', 'Gestão de Mídias Sociais', 'Pesquisa de Mercado', 'Outra - Vendas & Marketing']"
Wesley R.,"['AngularJS', 'CSS3', 'Django', 'Gerenciamento de Projetos', 'HTML5', 'Javascript', 'PHP5', 'Python', 'SQL', 'UML Design']","['Banco de Dados', 'Desenvolvimento Web', 'Cloud Computing', 'Desenvolvimento Desktop', 'Gestão de Projetos']"
Matheus S.,"['Banco De Dados', 'Entrada de Dados', 'Inglês', 'Python', 'Linguagem de Programação R', 'PowerBI', 'Tableau']","['Banco de Dados', 'Engenharia & Arquitetura', 'Negócios & Finanças', 'Tecnologia da Informação', 'Outra - Educação & Consultoria']"
Jonas F.,"['Java', 'Programação C', 'Programação C#', 'Programação C++', 'Chatbot', 'ABBYY FineReader', 'Front-End', 'Programação Documentada', 'Segurança de Redes', 'Suporte Técnico']","['Atendimento ao Consumidor', 'Desenvolvimento Desktop', 'Teste de Software', 'Suporte Técnico', 'Outra - Atendimento ao Consumidor']"
Thayan O.,"['Administração', 'Análise de Métricas', 'Business Intelligence', 'Mineração de Dados', 'Estatísticas', 'Excel', 'Logística', 'Microsoft Access', 'SQL']","['Planilhas e Relatórios', 'Análise de Dados & Estatística', 'Gestão de Projetos', 'Planejamento de Negócios']"
Thiago F.,"['Amazon S3', 'Amazon Web Services', 'MySQL', 'Python', 'Spark']","['Banco de Dados', 'Cloud Computing', 'Planejamento de Negócios']"
Guilherme G.,"['Python', 'ETL', 'Banco De Dados']","['Banco de Dados', 'Marketing Digital', 'Outra - Web, Mobile & Software']"
Keren V.,"['Adobe Lightroom', 'ARCserve', 'Edição de Imagens', 'Google Earth', 'Geolocalização', 'Escrita Técnica', 'Artigos Acadêmicos', 'Python', 'MySQL', 'Mineração de Dados']","['Banco de Dados', 'Redação', 'Inglês', 'Modelagem 3D & CAD', 'Planejamento de Negócios']"
Luis F.,"['Estatísticas', 'Python']",['Análise de Dados & Estatística']
Gustavo C.,"['Estatísticas', 'Java', 'Python']","['Desenvolvimento Mobile', 'Desenvolvimento Web', 'Marketing Digital']"
Augusto C.,"['Consultoria', 'Estatísticas', 'Excel', 'Análise de Dados', 'Business Intelligence', 'Ciência de Dados', 'Power BI\xa0', 'Powerpoint']","['Análise de Dados & Estatística', 'Gestão de Projetos', 'Planejamento de Negócios', 'Financeiro', 'Recursos Humanos']"
Beatriz K.,"['Boa Escrita', 'Escrita Técnica']","['Redação', 'Edição & Revisão', 'Inglês', 'Outra - Escrita', 'Empresarial']"
Claudio E.,"['Excel', 'Python', 'Visual Basic']","['Desenvolvimento Desktop', 'Teste de Software', 'Engenharia Elétrica & Eletrônica', 'Engenharia Mecânica', 'Outra - Engenharia & Arquitetura']"
Marcelo P.,"['.NET para Web', 'Algoritmo', 'Amazon Web Services', 'Análise de Métricas', 'Análise de Requisitos', 'AngularJS', 'Apple Developer', 'Arduino', 'Azure', 'Banco De Dados']","['Desenvolvimento Mobile', 'Desenvolvimento Web', 'Desenvolvimento Desktop', 'Outra - Web, Mobile & Software', 'Gestão de Projetos']"
Paulo M.,"['Inglês Avançado', 'PL/SQL', 'Microsoft SQL Server', 'Python', 'Mineração de Dados', 'ABBYY FineReader', 'Desenvolvimento de API', 'A-GPS', 'ABAP', '802.11']","['Banco de Dados', 'Outra - Web, Mobile & Software', 'Gestão de Projetos']"
Jordan P.,"['CSS', 'Excel', 'HTML', 'Java', 'Javascript', 'NodeJS', 'Python', 'SQL', 'Version Control Git', 'Web Scraping']","['UX/UI & Web Design', 'Banco de Dados', 'Desenvolvimento Web', 'Desenvolvimento Desktop', 'Outra - Web, Mobile & Software']"
Jordan G.,"['AngularJS', 'Desenvolvimento de API', 'Django', 'Javascript', 'NodeJS', 'PHP', 'Python', 'Vue.JS']","['Banco de Dados', 'Desenvolvimento Web', 'Desenvolvimento Desktop', 'Teste de Software', 'Outra - Web, Mobile & Software']"
Willian C L.,"['HTML', 'Java', 'Revisão', 'Suporte Técnico']","['Assessoria de Imprensa', 'Redação', 'Edição & Revisão', 'Roteiro', 'Entrada de Dados']"
Daniel S.,"['Programação C#', 'Angular', 'CSS', 'HTML', 'Javascript', 'Less/SASS/SCSS', 'MongoDB', 'PostgreSQL', 'React', 'SQL Server']","['UX/UI & Web Design', 'Banco de Dados', 'Desenvolvimento Mobile', 'Desenvolvimento Web', 'Desenvolvimento Desktop']"
Gabriel B.,"['Análise de Projetos', 'Mineração de Dados', 'Estatísticas', 'Excel', 'MySQL', 'Microsoft Office', 'Planejamento', 'Python', 'SQL', 'Inglês Fluente']","['Banco de Dados', 'Análise de Dados & Estatística', 'Gestão de Projetos', 'Planejamento de Negócios', 'Financeiro']"
Sylvio N.,"['Amazon Web Services', 'Cloud Computing', 'Java', 'Banco de Dados Oracle']","['Banco de Dados', 'Cloud Computing', 'Desenvolvimento Desktop', 'Outra - Web, Mobile & Software']"
Leandro De B.,"['CSS3', 'HTML5', 'Javascript', 'Python']","['Inglês', 'Desenvolvimento Web', 'Marketing Digital', 'Outra - Escrita', 'Outra - Web, Mobile & Software']"
Vinícius G.,"['Business Intelligence', 'Mineração de Dados']","['Marketing Digital', 'Gestão de Mídias Sociais', 'Desenvolvimento Desktop', 'Outra - Vendas & Marketing']"
Williana L.,"['CSS3', 'HTML5', 'Java', 'Java Swing', 'Javascript', 'Python', 'Vue.JS']","['Desenvolvimento Web', 'Desenvolvimento Desktop']"
Lucas M.,"['PHP', 'Python', 'Desenvolvimento Back-End', 'ES8 Javascript', 'Front-End', 'Laravel', 'Loja Integrada', 'Power BI\xa0', 'SAP 4 Hana', 'Web Design']","['Design Gráfico', 'UX/UI & Web Design', 'Desenvolvimento Web', 'Marketing Digital', 'Outra - Web, Mobile & Software']"
Samuel S.,"['Django', 'Flask', 'Python']",['Desenvolvimento Web']
João G.,"['Banco De Dados', 'Business Intelligence', 'Mineração de Dados', 'Excel', 'Gerenciamento de Projetos', 'Microsoft Project', 'Python', 'Scrum']","['Banco de Dados', 'Planilhas e Relatórios', 'Análise de Dados & Estatística', 'Gestão de Projetos', 'Planejamento de Negócios']"
Adelir J.,"['Design de Website', 'Atualização De Site', 'Construção de Website', 'Desenvolvimento AI/RPA', 'Desenvolvimento de Software', 'Desenvolvimento Mobile', 'Desenvolvimento Web', 'Gerenciamento de Website', 'Otimização de Website', 'Testes para Website']","['UX/UI & Web Design', 'Banco de Dados', 'Desenvolvimento Mobile', 'Desenvolvimento Web', 'Desenvolvimento Desktop']"
Yury J.,"['Angular', 'CSS', 'Mineração de Dados', 'Framework JavaScript', 'HTML5', 'Javascript', 'Mobile', 'NodeJS', 'Python']","['Desenvolvimento Mobile', 'Desenvolvimento Desktop', 'Análise de Dados & Estatística']"
Data A.,"['Análise de Métricas', 'Mineração de Dados', 'Entrada de Dados', 'Estatísticas', 'Finanças', 'MySQL', 'Planejamento', 'Python', 'SAP']","['Planilhas e Relatórios', 'Análise de Dados & Estatística', 'Contabilidade', 'Planejamento de Negócios', 'Financeiro']"
Adolfo F.,"['Cloud Computing', 'CSS3', 'Desenvolvimento de API', 'Django', 'HTML5', 'Javascript', 'NodeJS', 'Programação Orientada a Objetos', 'Python', 'UX Design']","['Banco de Dados', 'Desenvolvimento Mobile', 'Desenvolvimento Web', 'Cloud Computing', 'Outra - Web, Mobile & Software']"
Nayara F.,"['Administração', 'Atendimento ao Cliente', 'Business Intelligence', 'Consultoria', 'Criatividade', 'Curioso', 'Design de Interior', 'Edição de Textos', 'Excel', 'Gestão de Comunicação']","['Atendimento ao Consumidor', 'Gestão de Projetos', 'Planejamento de Negócios']"
Wellington B.,"['Análise de Requisitos', 'Excel', 'Levantamento de Requisitos', 'QA / Testes', 'Scrum', 'Seguros', 'Microsoft SQL Server', 'Teste de Software', 'Testes', 'Testes de Usabilidade']",['Teste de Software']
Novasoft B.,"['Arquitetura de Software', 'Segurança Web', 'Wordpress']","['Desenvolvimento Mobile', 'Desenvolvimento Web', 'Desenvolvimento Desktop', 'Outra - Web, Mobile & Software']"
Barbara C.,"['Adobe CS5', 'Adobe Lightroom', 'AngularJS', 'Arquitetura de Software', 'CSS3', 'HTML5', 'Javascript', 'Python', 'Visual Studio']","['UX/UI & Web Design', 'Desenvolvimento Mobile', 'Desenvolvimento Web', 'Desenvolvimento Desktop']"
Sergio B.,"['Python', 'Microsoft SQL Server', 'Algoritmo', 'Armazenagem de Dados', 'MySQL']","['Banco de Dados', 'Desenvolvimento Web', 'Marketing Digital', 'Desenvolvimento Desktop', 'Outra - Web, Mobile & Software']"
Gabriel M.,"['Adobe Photoshop', 'Análise Estatística', 'Aprendizado de Máquina (ML)', 'Aprendizagem Profunda', 'Business Intelligence', 'Inteligência Artificial', 'Keras', 'PHP', 'Python', 'Tensorflow']","['Banco de Dados', 'Desenvolvimento Web', 'Desenvolvimento Desktop', 'Análise de Dados & Estatística', 'Tecnologia da Informação']"
Juan P.,"['Banco De Dados', 'Mineração de Dados', 'Armazenagem de Dados', 'Gerenciamento de Projetos', 'Gestão', 'Google Analytics', 'NoSQL Couchbase', 'Python', 'SQL', 'Web Analytics']","['UX/UI & Web Design', 'Banco de Dados', 'Marketing Digital', 'Gestão de Projetos']"
Gabriel A.,"['CSS', 'Django', 'HTML', 'Javascript', 'Python']","['Desenvolvimento Web', 'Desenvolvimento Desktop']"
Danilo A.,"['.NET Framework', '.NET para Web', 'Java', 'Java Swing', 'MySQL', 'PHP', 'PL/SQL', 'Programação C#', 'Spring', 'Microsoft SQL Server']","['Banco de Dados', 'Desenvolvimento Web', 'Desenvolvimento Desktop', 'Outra - Web, Mobile & Software', 'Gestão de Projetos']"
Iago A.,"['Artigos Acadêmicos', 'Pesquisa Científica', 'Python', 'ABBYY FineReader', 'AAUS Scientific Diver', 'A-GPS', 'ABAP', 'Matemática']","['Banco de Dados', 'Desenvolvimento de Games', 'Cloud Computing', 'Análise de Dados & Estatística', 'Outra - Educação & Consultoria']"
João M.,"['Microsoft Access', 'Microsoft Visio', 'Programação C', 'Programação Orientada a Objetos', 'Visual Basic', 'Excel', 'Microsoft Office']","['Planilhas e Relatórios', 'Entrada de Dados', 'Modelagem 3D & CAD', 'Outra - Administração & Contabilidade']"
Matheus G.,"['Inglês', 'MySQL', 'NodeJS', 'PHP5', 'Python', 'Ruby on Rails', 'Vue.JS', 'Javascript', 'jQuery']","['Banco de Dados', 'Cloud Computing', 'Desenvolvimento Desktop', 'Teste de Software', 'Outra - Web, Mobile & Software']"
Richelde L.,"['Android', 'Banco De Dados', 'ABBYY FineReader', 'AMQP']","['Desenvolvimento Mobile', 'Desenvolvimento Web', 'Áudio - Edição e Produção', 'Edição de Imagens', 'Desenvolvimento Desktop']"
Fernando da S.,"['Análise de Métricas', 'Análise de Projetos', 'Artigos Acadêmicos', 'Assistente Virtual', 'Atendimento ao Cliente', 'Mineração de Dados', 'Estatísticas', 'Finanças', 'Adobe Illustrator', 'Adobe Illustrator CS5']","['Atendimento ao Consumidor', 'Assistente Virtual', 'Planilhas e Relatórios', 'Análise de Dados & Estatística', 'Financeiro']"
Alan L.,"['Business Intelligence', 'Pesquisa Científica', '4D Dimension', '802.11']","['Banco de Dados', 'Planilhas e Relatórios', 'Outra - Suporte Administrativo', 'Engenharia Mecânica']"
Adilson A.,"['Android', 'Mineração de Dados', 'Java', 'Javascript', 'Mobile', 'Python']","['Desenvolvimento de Games', 'Desenvolvimento Mobile', 'Desenvolvimento Web', 'Desenvolvimento Desktop', 'Outra - Web, Mobile & Software']"
Alexssandro F.,"['Java', 'MySQL', 'PHP', 'Python']","['Banco de Dados', 'Desenvolvimento Desktop', 'Gestão de Projetos']"
Luís C.,"['MySQL', 'Entrada de Dados', 'Mineração de Dados', 'ABBYY FineReader', 'Python']","['Banco de Dados', 'Entrada de Dados', 'Análise de Dados & Estatística']"
Rodrigo De A.,"['MySQL', 'Microsoft Office', 'Python']","['Banco de Dados', 'Outra - Vendas & Marketing', 'Outra - Administração & Contabilidade']"
D H,"['Java', 'Python', 'Ruby', 'Swift', 'ABBYY FineReader', 'Framework JavaScript', 'Javascript', 'ABAP', 'Programação C#', 'UX Design']","['UX/UI & Web Design', 'Banco de Dados', 'Desenvolvimento Mobile', 'Desenvolvimento Web', 'Cloud Computing']"
João C.,"['Amazon Web Services', 'Desenvolvimento de API', 'Django', 'ETL', 'Python', 'Webservice', 'PostgreSQL']","['UX/UI & Web Design', 'Desenvolvimento Web', 'Marketing Digital', 'Outra - Web, Mobile & Software', 'Gestão de Projetos']"
Vinícius A.,"['Business Intelligence', 'Mineração de Dados', 'Python', 'Redação de Artigos']","['Banco de Dados', 'Redação', 'Cloud Computing', 'Outra - Escrita', 'Outra - Web, Mobile & Software']"
Vinicius R.,"['Administração', 'Google ADS', 'Análise de Projetos', 'Branding Digital', 'Criatividade', 'Facebook', 'Gerenciamento de Equipes', 'Google Analytics', 'Inovador', 'Salesforce']","['Atendimento ao Consumidor', 'Marketing Digital', 'Gestão de Mídias Sociais']"
Rogério P.,"['Análise de Projetos', 'Banco De Dados', 'Mineração de Dados', 'Estatísticas', 'Gerenciamento de Projetos', 'Professor', 'Python']","['Análise de Dados & Estatística', 'Gestão de Projetos', 'Planejamento de Negócios']"
Douglas D.,"['Android', 'Arquitetura de Software', 'Criativo', 'Desenvolvimento de API', 'GIT', 'Mobile', 'PHP', 'Python', 'Wordpress', 'UML Design']","['UX/UI & Web Design', 'Desenvolvimento Mobile', 'Desenvolvimento Web', 'Desenvolvimento Desktop', 'Outra - Web, Mobile & Software']"
Rodrigo E.,"['Banco De Dados', 'CSS3', 'HTML', 'Javascript', 'Python']","['Banco de Dados', 'Desenvolvimento Web', 'Desenvolvimento Desktop', 'Assistente Virtual', 'Entrada de Dados']"
Karolyne B.,"['Banco De Dados', 'Entrada de Dados', 'Visual Basic', 'Excel', 'Python', 'SQL', 'Inglês Avançado', 'Espanhol', 'Power BI\xa0', 'Análise de Dados']","['Banco de Dados', 'Teste de Software', 'Entrada de Dados', 'Análise de Dados & Estatística', 'Outra - Educação & Consultoria']"
Carlos E.,"['Banco De Dados', 'Java', 'Python', 'Excel', 'Análise de Projetos', 'Análise de Requisitos', 'PowerBI', 'Análise de Dados', 'Linguagem de Programação R']","['Banco de Dados', 'Planilhas e Relatórios', 'Análise de Dados & Estatística', 'Gestão de Projetos', 'Tecnologia da Informação']"
Leonardo N.,"['Angular', 'CSS3', 'HTML5', 'Java', 'Javascript', 'MySQL', 'PHP', 'SQL']","['Design Gráfico', 'UX/UI & Web Design', 'Redação', 'Edição & Revisão', 'Desenvolvimento Web']"
Clovis H.,"['Excel', 'MySQL', 'SQL']","['Redação', 'Planilhas e Relatórios']"
Julia V.,"['Liderança', 'Organização', 'Pontual']","['Atendimento ao Consumidor', 'Comercial', 'Assistente Virtual']"
Renan S.,"['Big Data', 'Business Intelligence', 'Excel', 'Francês', 'Inglês Fluente', 'Linguagem de Programação R', 'Power BI\xa0', 'Python', 'SQL', 'Tableau']","['UX/UI & Web Design', 'Banco de Dados', 'Marketing Digital', 'Outra - Web, Mobile & Software', 'Engenharia Elétrica & Eletrônica']"
Marcella D.,"['Entrada de Dados', 'Excel', 'Word']","['Assistente Virtual', 'Planilhas e Relatórios', 'Entrada de Dados', 'Planejamento de Negócios', 'Outra - Administração & Contabilidade']"
Crislayne D.,"['Banco De Dados', 'Comunicação Corporativa', 'Comunicação Digital', 'Mineração de Dados', 'Armazenagem de Dados', 'Digitação Avançada', 'Entrada de Dados', 'Microsoft Office', 'Suporte Técnico', 'Windows Server']","['Banco de Dados', 'Atendimento ao Consumidor', 'Marketing Digital', 'Edição de Imagens', 'Outra - Web, Mobile & Software']"
Tayro S.,"['Excel', 'Google Analytics', 'Microsoft SQL Server']","['Marketing Digital', 'Pesquisa de Mercado', 'Planilhas e Relatórios', 'Entrada de Dados', 'Análise de Dados & Estatística']"
Debora G.,"['Business Intelligence', 'Mineração de Dados', 'Armazenagem de Dados', 'ETL']","['UX/UI & Web Design', 'Desenvolvimento Web', 'Outra - Web, Mobile & Software']"
Yuri N.,"['Mineração de Dados', 'Estatísticas', 'MySQL', 'PHP', 'Python']","['Inglês', 'Assistente Virtual', 'Entrada de Dados', 'Outra - Engenharia & Arquitetura', 'Análise de Dados & Estatística']"
Carlos H.,"['Artigos', 'Comprometimento', 'Criptografia', 'Matemática', 'Word', 'Excel', 'Artigos Esportivos', 'Artigos Acadêmicos', 'Redação de Artigos', 'Digitação']","['Redação', 'Edição & Revisão', 'Outra - Engenharia & Arquitetura', 'Análise de Dados & Estatística']"
Jailson R.,"['.NET para Web', 'AngularJS', 'Apache', 'Arduino', 'ASP.NET MVC', 'Java', 'Pacote Adobe', 'Programação C++', 'Programação Orientada a Objetos', 'Python']","['Design Gráfico', 'Banco de Dados', 'Desenvolvimento Web', 'Desenvolvimento Desktop', 'Análise de Dados & Estatística']"
Lucas O.,"['CSS3', 'Desenvolvimento de API', 'HTML5', 'Javascript', 'NodeJS', 'Python', 'SQL']","['Banco de Dados', 'Desenvolvimento Web', 'Desenvolvimento Desktop', 'Outra - Web, Mobile & Software']"
José B.,"['Arquitetura de Software', 'ASP', 'Asp.Net', 'Desenvolvimento de API', 'Gerenciamento de Projetos', 'Levantamento de Requisitos', 'PHP', 'Programação C#', 'SQL', 'Teste de Software']","['Banco de Dados', 'Desenvolvimento Web', 'Cloud Computing', 'Desenvolvimento Desktop', 'Outra - Web, Mobile & Software']"
Breno A.,"['Agilidade', 'Excel', 'Professor', 'Sharepoint']","['Pesquisa de Mercado', 'Planilhas e Relatórios', 'Entrada de Dados', 'Pesquisa Online', 'Transcrição']"
Rubens A.,"['Amazon Web Services', 'Arquitetura de Software', 'Chatbot', 'Mineração de Dados', 'Front-End', 'Javascript', 'NoSQL Couchbase', 'Programação C++', 'Python', 'SQL']","['Banco de Dados', 'Desenvolvimento Mobile', 'Desenvolvimento Web', 'Outra - Web, Mobile & Software']"
José C.,"['Arquitetura de Software', 'Banco De Dados', 'Java', 'Javascript', 'Programação C', 'Python', 'SQL', 'Verilog / VHDL', 'Mineração de Dados', 'Estatísticas']","['Cloud Computing', 'Desenvolvimento Desktop', 'Outra - Web, Mobile & Software', 'Engenharia Elétrica & Eletrônica', 'Análise de Dados & Estatística']"
